OrderID,OrderDate,CustomerID,ProductID,Quantity,DiscountApplied,PaymentMethod,DeliveryStatus,GrossSales,DiscountAmount,NetRevenue,TotalCOGS,GrossProfit,ProfitMarginPct,YearMonth,MonthName,Quarter
ORD-10000,2026-01-01,107,504,5,0.15,Credit Card,Delivered,4250,637.5,3612.5,2400,1212.5,33.56,2026-01,January,2026Q1
ORD-10001,2026-01-01,103,507,3,0.0,Credit Card,Delivered,5400,0.0,5400.0,2550,2850.0,52.78,2026-01,January,2026Q1
ORD-10002,2026-01-01,106,505,2,0.05,UPI,Delivered,4400,220.0,4180.0,2200,1980.0,47.37,2026-01,January,2026Q1
ORD-10003,2026-01-01,105,501,4,0.0,UPI,Delivered,18000,0.0,18000.0,9600,8400.0,46.67,2026-01,January,2026Q1
ORD-10004,2026-01-02,110,508,4,0.1,Credit Card,Delivered,14000,1400.0,12600.0,7600,5000.0,39.68,2026-01,January,2026Q1
ORD-10005,2026-01-02,103,504,4,0.1,Net Banking,Delivered,3400,340.0,3060.0,1920,1140.0,37.25,2026-01,January,2026Q1
ORD-10006,2026-01-02,109,507,2,0.15,Credit Card,Delivered,3600,540.0,3060.0,1700,1360.0,44.44,2026-01,January,2026Q1
ORD-10007,2026-01-03,110,505,2,0.1,Credit Card,Delivered,4400,440.0,3960.0,2200,1760.0,44.44,2026-01,January,2026Q1
ORD-10008,2026-01-03,108,507,3,0.15,UPI,Delivered,5400,810.0,4590.0,2550,2040.0,44.44,2026-01,January,2026Q1
ORD-10009,2026-01-03,106,506,2,0.0,Cash on Delivery,Delivered,11600,0.0,11600.0,7200,4400.0,37.93,2026-01,January,2026Q1
ORD-10010,2026-01-04,102,502,4,0.15,UPI,Delivered,12800,1920.0,10880.0,6400,4480.0,41.18,2026-01,January,2026Q1
ORD-10011,2026-01-04,109,506,5,0.05,Credit Card,Delivered,29000,1450.0,27550.0,18000,9550.0,34.66,2026-01,January,2026Q1
ORD-10012,2026-01-04,109,504,4,0.0,UPI,Delivered,3400,0.0,3400.0,1920,1480.0,43.53,2026-01,January,2026Q1
ORD-10013,2026-01-04,109,507,1,0.15,UPI,Delivered,1800,270.0,1530.0,850,680.0,44.44,2026-01,January,2026Q1
ORD-10014,2026-01-05,103,501,3,0.1,UPI,Delivered,13500,1350.0,12150.0,7200,4950.0,40.74,2026-01,January,2026Q1
ORD-10015,2026-01-05,109,504,1,0.05,UPI,Delivered,850,42.5,807.5,480,327.5,40.56,2026-01,January,2026Q1
ORD-10016,2026-01-05,108,505,3,0.05,Net Banking,Delivered,6600,330.0,6270.0,3300,2970.0,47.37,2026-01,January,2026Q1
ORD-10017,2026-01-06,105,507,3,0.05,UPI,Delivered,5400,270.0,5130.0,2550,2580.0,50.29,2026-01,January,2026Q1
ORD-10019,2026-01-06,107,501,4,0.15,Net Banking,Delivered,18000,2700.0,15300.0,9600,5700.0,37.25,2026-01,January,2026Q1
ORD-10020,2026-01-07,104,505,3,0.15,Net Banking,Delivered,6600,990.0,5610.0,3300,2310.0,41.18,2026-01,January,2026Q1
ORD-10021,2026-01-07,109,505,4,0.15,UPI,Delivered,8800,1320.0,7480.0,4400,3080.0,41.18,2026-01,January,2026Q1
ORD-10022,2026-01-07,110,507,4,0.05,UPI,Delivered,7200,360.0,6840.0,3400,3440.0,50.29,2026-01,January,2026Q1
ORD-10023,2026-01-07,109,504,5,0.1,UPI,Delivered,4250,425.0,3825.0,2400,1425.0,37.25,2026-01,January,2026Q1
ORD-10024,2026-01-08,105,501,3,0.15,Net Banking,Delivered,13500,2025.0,11475.0,7200,4275.0,37.25,2026-01,January,2026Q1
ORD-10025,2026-01-08,108,501,4,0.0,UPI,Delivered,18000,0.0,18000.0,9600,8400.0,46.67,2026-01,January,2026Q1
ORD-10026,2026-01-08,107,502,3,0.0,Cash on Delivery,Delivered,9600,0.0,9600.0,4800,4800.0,50.0,2026-01,January,2026Q1
ORD-10027,2026-01-09,102,502,4,0.5,UPI,Delivered,12800,6400.0,6400.0,6400,0.0,0.0,2026-01,January,2026Q1
ORD-10028,2026-01-09,103,506,2,0.05,Cash on Delivery,Delivered,11600,580.0,11020.0,7200,3820.0,34.66,2026-01,January,2026Q1
ORD-10029,2026-01-09,104,507,3,0.0,Debit Card,Delivered,5400,0.0,5400.0,2550,2850.0,52.78,2026-01,January,2026Q1
ORD-10030,2026-01-10,104,502,3,0.15,Debit Card,Delivered,9600,1440.0,8160.0,4800,3360.0,41.18,2026-01,January,2026Q1
ORD-10031,2026-01-10,106,508,5,0.15,Credit Card,Delivered,17500,2625.0,14875.0,9500,5375.0,36.13,2026-01,January,2026Q1
ORD-10032,2026-01-10,103,507,3,0.1,UPI,Delivered,5400,540.0,4860.0,2550,2310.0,47.53,2026-01,January,2026Q1
ORD-10033,2026-01-10,107,502,1,0.0,UPI,Cancelled,3200,0.0,3200.0,1600,1600.0,50.0,2026-01,January,2026Q1
ORD-10034,2026-01-11,110,503,4,0.15,Credit Card,Delivered,2600,390.0,2210.0,1280,930.0,42.08,2026-01,January,2026Q1
ORD-10035,2026-01-11,102,501,4,0.15,Credit Card,Delivered,18000,2700.0,15300.0,9600,5700.0,37.25,2026-01,January,2026Q1
ORD-10036,2026-01-11,103,503,3,0.05,Debit Card,Delivered,1950,97.5,1852.5,960,892.5,48.18,2026-01,January,2026Q1
ORD-10037,2026-01-12,101,508,4,0.15,Credit Card,Delivered,14000,2100.0,11900.0,7600,4300.0,36.13,2026-01,January,2026Q1
ORD-10039,2026-01-12,106,503,5,0.0,UPI,Delivered,3250,0.0,3250.0,1600,1650.0,50.77,2026-01,January,2026Q1
ORD-10040,2026-01-13,104,508,3,0.0,Credit Card,Delivered,10500,0.0,10500.0,5700,4800.0,45.71,2026-01,January,2026Q1
ORD-10041,2026-01-13,106,507,5,0.15,Credit Card,Delivered,9000,1350.0,7650.0,4250,3400.0,44.44,2026-01,January,2026Q1
ORD-10042,2026-01-13,101,504,1,0.0,Credit Card,Delivered,850,0.0,850.0,480,370.0,43.53,2026-01,January,2026Q1
ORD-10043,2026-01-13,101,508,1,0.05,Cash on Delivery,Delivered,3500,175.0,3325.0,1900,1425.0,42.86,2026-01,January,2026Q1
ORD-10044,2026-01-14,103,504,1,0.0,UPI,Cancelled,850,0.0,850.0,480,370.0,43.53,2026-01,January,2026Q1
ORD-10045,2026-01-14,103,504,1,0.0,UPI,Delivered,850,0.0,850.0,480,370.0,43.53,2026-01,January,2026Q1
ORD-10046,2026-01-14,103,508,2,0.1,Debit Card,Cancelled,7000,700.0,6300.0,3800,2500.0,39.68,2026-01,January,2026Q1
ORD-10047,2026-01-15,108,502,2,0.05,Net Banking,Delivered,6400,320.0,6080.0,3200,2880.0,47.37,2026-01,January,2026Q1
ORD-10048,2026-01-15,101,501,3,0.1,UPI,Delivered,13500,1350.0,12150.0,7200,4950.0,40.74,2026-01,January,2026Q1
ORD-10049,2026-01-15,103,502,1,0.15,Credit Card,Delivered,3200,480.0,2720.0,1600,1120.0,41.18,2026-01,January,2026Q1
ORD-10050,2026-01-16,104,501,4,0.1,UPI,Delivered,18000,1800.0,16200.0,9600,6600.0,40.74,2026-01,January,2026Q1
ORD-10051,2026-01-16,107,507,3,0.1,Cash on Delivery,Delivered,5400,540.0,4860.0,2550,2310.0,47.53,2026-01,January,2026Q1
ORD-10052,2026-01-16,110,506,1,0.5,Debit Card,Delivered,5800,2900.0,2900.0,3600,-700.0,-24.14,2026-01,January,2026Q1
ORD-10053,2026-01-16,105,501,5,0.15,Credit Card,Delivered,22500,3375.0,19125.0,12000,7125.0,37.25,2026-01,January,2026Q1
ORD-10054,2026-01-17,104,506,3,0.15,UPI,Cancelled,17400,2610.0,14790.0,10800,3990.0,26.98,2026-01,January,2026Q1
ORD-10055,2026-01-17,110,506,3,0.1,UPI,Delivered,17400,1740.0,15660.0,10800,4860.0,31.03,2026-01,January,2026Q1
ORD-10056,2026-01-17,110,505,2,0.1,UPI,Delivered,4400,440.0,3960.0,2200,1760.0,44.44,2026-01,January,2026Q1
ORD-10057,2026-01-18,101,502,2,0.05,UPI,Delivered,6400,320.0,6080.0,3200,2880.0,47.37,2026-01,January,2026Q1
ORD-10058,2026-01-18,109,508,5,0.15,Credit Card,Delivered,17500,2625.0,14875.0,9500,5375.0,36.13,2026-01,January,2026Q1
ORD-10059,2026-01-18,105,506,5,0.15,Credit Card,Delivered,29000,4350.0,24650.0,18000,6650.0,26.98,2026-01,January,2026Q1
ORD-10060,2026-01-19,106,501,5,0.0,UPI,Delivered,22500,0.0,22500.0,12000,10500.0,46.67,2026-01,January,2026Q1
ORD-10062,2026-01-19,104,501,5,0.05,Net Banking,Delivered,22500,1125.0,21375.0,12000,9375.0,43.86,2026-01,January,2026Q1
ORD-10063,2026-01-19,104,507,2,0.05,Credit Card,Delivered,3600,180.0,3420.0,1700,1720.0,50.29,2026-01,January,2026Q1
ORD-10065,2026-01-20,108,504,2,0.0,Credit Card,Delivered,1700,0.0,1700.0,960,740.0,43.53,2026-01,January,2026Q1
ORD-10066,2026-01-20,105,504,3,0.15,Net Banking,Delivered,2550,382.5,2167.5,1440,727.5,33.56,2026-01,January,2026Q1
ORD-10067,2026-01-21,102,505,3,0.1,UPI,Delivered,6600,660.0,5940.0,3300,2640.0,44.44,2026-01,January,2026Q1
ORD-10068,2026-01-21,110,502,2,0.1,UPI,Delivered,6400,640.0,5760.0,3200,2560.0,44.44,2026-01,January,2026Q1
ORD-10069,2026-01-21,105,502,5,0.15,Debit Card,Delivered,16000,2400.0,13600.0,8000,5600.0,41.18,2026-01,January,2026Q1
ORD-10070,2026-01-22,109,504,2,0.15,Debit Card,Returned,1700,255.0,1445.0,960,485.0,33.56,2026-01,January,2026Q1
ORD-10071,2026-01-22,104,502,1,0.15,Net Banking,Delivered,3200,480.0,2720.0,1600,1120.0,41.18,2026-01,January,2026Q1
ORD-10072,2026-01-22,101,507,5,0.1,UPI,Delivered,9000,900.0,8100.0,4250,3850.0,47.53,2026-01,January,2026Q1
ORD-10073,2026-01-22,104,508,1,0.1,UPI,Delivered,3500,350.0,3150.0,1900,1250.0,39.68,2026-01,January,2026Q1
ORD-10074,2026-01-23,109,503,4,0.15,Cash on Delivery,Cancelled,2600,390.0,2210.0,1280,930.0,42.08,2026-01,January,2026Q1
ORD-10075,2026-01-23,103,502,5,0.15,UPI,Delivered,16000,2400.0,13600.0,8000,5600.0,41.18,2026-01,January,2026Q1
ORD-10076,2026-01-23,104,505,1,0.0,Credit Card,Delivered,2200,0.0,2200.0,1100,1100.0,50.0,2026-01,January,2026Q1
ORD-10077,2026-01-24,110,505,3,0.1,Debit Card,Cancelled,6600,660.0,5940.0,3300,2640.0,44.44,2026-01,January,2026Q1
ORD-10078,2026-01-24,109,502,2,0.0,Debit Card,Delivered,6400,0.0,6400.0,3200,3200.0,50.0,2026-01,January,2026Q1
ORD-10079,2026-01-24,108,502,1,0.05,UPI,Delivered,3200,160.0,3040.0,1600,1440.0,47.37,2026-01,January,2026Q1
ORD-10080,2026-01-25,106,503,5,0.15,UPI,Delivered,3250,487.5,2762.5,1600,1162.5,42.08,2026-01,January,2026Q1
ORD-10081,2026-01-25,104,504,4,0.0,UPI,Delivered,3400,0.0,3400.0,1920,1480.0,43.53,2026-01,January,2026Q1
ORD-10082,2026-01-25,110,502,3,0.1,UPI,Delivered,9600,960.0,8640.0,4800,3840.0,44.44,2026-01,January,2026Q1
ORD-10083,2026-01-25,110,504,4,0.1,Credit Card,Delivered,3400,340.0,3060.0,1920,1140.0,37.25,2026-01,January,2026Q1
ORD-10084,2026-01-26,109,507,4,0.15,Credit Card,Delivered,7200,1080.0,6120.0,3400,2720.0,44.44,2026-01,January,2026Q1
ORD-10085,2026-01-26,110,504,5,0.0,UPI,Delivered,4250,0.0,4250.0,2400,1850.0,43.53,2026-01,January,2026Q1
ORD-10086,2026-01-26,105,503,4,0.1,Credit Card,Delivered,2600,260.0,2340.0,1280,1060.0,45.3,2026-01,January,2026Q1
ORD-10087,2026-01-27,109,501,1,0.05,UPI,Delivered,4500,225.0,4275.0,2400,1875.0,43.86,2026-01,January,2026Q1
ORD-10088,2026-01-27,110,508,4,0.0,UPI,Delivered,14000,0.0,14000.0,7600,6400.0,45.71,2026-01,January,2026Q1
ORD-10089,2026-01-27,110,508,2,0.15,UPI,Returned,7000,1050.0,5950.0,3800,2150.0,36.13,2026-01,January,2026Q1
ORD-10090,2026-01-28,106,507,1,0.0,Debit Card,Delivered,1800,0.0,1800.0,850,950.0,52.78,2026-01,January,2026Q1
ORD-10091,2026-01-28,103,505,2,0.0,Credit Card,Delivered,4400,0.0,4400.0,2200,2200.0,50.0,2026-01,January,2026Q1
ORD-10092,2026-01-28,108,506,2,0.0,UPI,Delivered,11600,0.0,11600.0,7200,4400.0,37.93,2026-01,January,2026Q1
ORD-10093,2026-01-28,101,502,1,0.05,UPI,Cancelled,3200,160.0,3040.0,1600,1440.0,47.37,2026-01,January,2026Q1
ORD-10094,2026-01-29,101,505,1,0.1,UPI,Delivered,2200,220.0,1980.0,1100,880.0,44.44,2026-01,January,2026Q1
ORD-10095,2026-01-29,107,506,4,0.1,Debit Card,Delivered,23200,2320.0,20880.0,14400,6480.0,31.03,2026-01,January,2026Q1
ORD-10096,2026-01-29,107,505,5,0.05,UPI,Delivered,11000,550.0,10450.0,5500,4950.0,47.37,2026-01,January,2026Q1
ORD-10097,2026-01-30,109,506,1,0.0,UPI,Delivered,5800,0.0,5800.0,3600,2200.0,37.93,2026-01,January,2026Q1
ORD-10098,2026-01-30,108,508,2,0.15,UPI,Delivered,7000,1050.0,5950.0,3800,2150.0,36.13,2026-01,January,2026Q1
ORD-10099,2026-01-30,106,506,3,0.15,Debit Card,Cancelled,17400,2610.0,14790.0,10800,3990.0,26.98,2026-01,January,2026Q1
ORD-10100,2026-01-31,109,501,5,0.05,Debit Card,Delivered,22500,1125.0,21375.0,12000,9375.0,43.86,2026-01,January,2026Q1
ORD-10101,2026-01-31,102,506,2,0.05,Credit Card,Delivered,11600,580.0,11020.0,7200,3820.0,34.66,2026-01,January,2026Q1
ORD-10102,2026-01-31,102,504,1,0.15,Net Banking,Delivered,850,127.5,722.5,480,242.5,33.56,2026-01,January,2026Q1
ORD-10103,2026-01-31,110,503,1,0.15,Credit Card,Delivered,650,97.5,552.5,320,232.5,42.08,2026-01,January,2026Q1
ORD-10104,2026-02-01,101,504,4,0.05,Credit Card,Delivered,3400,170.0,3230.0,1920,1310.0,40.56,2026-02,February,2026Q1
ORD-10105,2026-02-01,103,507,1,0.15,UPI,Delivered,1800,270.0,1530.0,850,680.0,44.44,2026-02,February,2026Q1
ORD-10106,2026-02-01,108,504,4,0.1,Net Banking,Delivered,3400,340.0,3060.0,1920,1140.0,37.25,2026-02,February,2026Q1
ORD-10107,2026-02-02,102,505,2,0.0,UPI,Delivered,4400,0.0,4400.0,2200,2200.0,50.0,2026-02,February,2026Q1
ORD-10108,2026-02-02,106,505,1,0.15,UPI,Delivered,2200,330.0,1870.0,1100,770.0,41.18,2026-02,February,2026Q1
ORD-10109,2026-02-02,110,505,3,0.5,Debit Card,Delivered,6600,3300.0,3300.0,3300,0.0,0.0,2026-02,February,2026Q1
ORD-10110,2026-02-03,108,506,3,0.0,UPI,Delivered,17400,0.0,17400.0,10800,6600.0,37.93,2026-02,February,2026Q1
ORD-10111,2026-02-03,108,501,3,0.1,Credit Card,Cancelled,13500,1350.0,12150.0,7200,4950.0,40.74,2026-02,February,2026Q1
ORD-10112,2026-02-03,110,504,2,0.05,UPI,Delivered,1700,85.0,1615.0,960,655.0,40.56,2026-02,February,2026Q1
ORD-10113,2026-02-03,103,507,3,0.0,Net Banking,Delivered,5400,0.0,5400.0,2550,2850.0,52.78,2026-02,February,2026Q1
ORD-10114,2026-02-04,103,507,1,0.15,UPI,Delivered,1800,270.0,1530.0,850,680.0,44.44,2026-02,February,2026Q1
ORD-10115,2026-02-04,107,506,2,0.0,Net Banking,Delivered,11600,0.0,11600.0,7200,4400.0,37.93,2026-02,February,2026Q1
ORD-10116,2026-02-04,104,502,3,0.05,UPI,Delivered,9600,480.0,9120.0,4800,4320.0,47.37,2026-02,February,2026Q1
ORD-10117,2026-02-05,102,507,1,0.05,UPI,Delivered,1800,90.0,1710.0,850,860.0,50.29,2026-02,February,2026Q1
ORD-10118,2026-02-05,110,508,2,0.1,Cash on Delivery,Delivered,7000,700.0,6300.0,3800,2500.0,39.68,2026-02,February,2026Q1
ORD-10119,2026-02-05,101,505,5,0.1,Credit Card,Delivered,11000,1100.0,9900.0,5500,4400.0,44.44,2026-02,February,2026Q1
ORD-10120,2026-02-06,108,507,1,0.1,UPI,Delivered,1800,180.0,1620.0,850,770.0,47.53,2026-02,February,2026Q1
ORD-10121,2026-02-06,108,507,2,0.1,Net Banking,Delivered,3600,360.0,3240.0,1700,1540.0,47.53,2026-02,February,2026Q1
ORD-10122,2026-02-06,101,506,3,0.05,Credit Card,Delivered,17400,870.0,16530.0,10800,5730.0,34.66,2026-02,February,2026Q1
ORD-10123,2026-02-06,103,505,4,0.05,UPI,Delivered,8800,440.0,8360.0,4400,3960.0,47.37,2026-02,February,2026Q1
ORD-10124,2026-02-07,101,504,1,0.0,Credit Card,Delivered,850,0.0,850.0,480,370.0,43.53,2026-02,February,2026Q1
ORD-10125,2026-02-07,105,506,3,0.0,Credit Card,Delivered,17400,0.0,17400.0,10800,6600.0,37.93,2026-02,February,2026Q1
ORD-10126,2026-02-07,102,508,2,0.05,Cash on Delivery,Delivered,7000,350.0,6650.0,3800,2850.0,42.86,2026-02,February,2026Q1
ORD-10127,2026-02-08,102,504,1,0.0,Debit Card,Delivered,850,0.0,850.0,480,370.0,43.53,2026-02,February,2026Q1
ORD-10128,2026-02-08,108,506,3,0.0,Net Banking,Delivered,17400,0.0,17400.0,10800,6600.0,37.93,2026-02,February,2026Q1
ORD-10129,2026-02-08,102,506,5,0.0,UPI,Delivered,29000,0.0,29000.0,18000,11000.0,37.93,2026-02,February,2026Q1
ORD-10130,2026-02-09,101,508,4,0.15,Debit Card,Delivered,14000,2100.0,11900.0,7600,4300.0,36.13,2026-02,February,2026Q1
ORD-10131,2026-02-09,103,505,5,0.1,Credit Card,Delivered,11000,1100.0,9900.0,5500,4400.0,44.44,2026-02,February,2026Q1
ORD-10132,2026-02-09,109,505,2,0.15,Credit Card,Delivered,4400,660.0,3740.0,2200,1540.0,41.18,2026-02,February,2026Q1
ORD-10133,2026-02-09,103,505,1,0.1,Credit Card,Delivered,2200,220.0,1980.0,1100,880.0,44.44,2026-02,February,2026Q1
ORD-10134,2026-02-10,107,502,5,0.1,Credit Card,Delivered,16000,1600.0,14400.0,8000,6400.0,44.44,2026-02,February,2026Q1
ORD-10135,2026-02-10,103,507,3,0.15,UPI,Delivered,5400,810.0,4590.0,2550,2040.0,44.44,2026-02,February,2026Q1
ORD-10136,2026-02-10,101,504,3,0.05,Debit Card,Delivered,2550,127.5,2422.5,1440,982.5,40.56,2026-02,February,2026Q1
ORD-10137,2026-02-11,107,501,4,0.05,Credit Card,Delivered,18000,900.0,17100.0,9600,7500.0,43.86,2026-02,February,2026Q1
ORD-10138,2026-02-11,106,506,5,0.15,Credit Card,Delivered,29000,4350.0,24650.0,18000,6650.0,26.98,2026-02,February,2026Q1
ORD-10139,2026-02-11,108,505,5,0.15,Debit Card,Delivered,11000,1650.0,9350.0,5500,3850.0,41.18,2026-02,February,2026Q1
ORD-10140,2026-02-12,103,503,4,0.1,Credit Card,Delivered,2600,260.0,2340.0,1280,1060.0,45.3,2026-02,February,2026Q1
ORD-10141,2026-02-12,110,508,2,0.15,Net Banking,Delivered,7000,1050.0,5950.0,3800,2150.0,36.13,2026-02,February,2026Q1
ORD-10143,2026-02-12,104,508,4,0.0,Debit Card,Delivered,14000,0.0,14000.0,7600,6400.0,45.71,2026-02,February,2026Q1
ORD-10144,2026-02-13,110,501,3,0.15,Debit Card,Delivered,13500,2025.0,11475.0,7200,4275.0,37.25,2026-02,February,2026Q1
ORD-10145,2026-02-13,101,506,5,0.05,UPI,Delivered,29000,1450.0,27550.0,18000,9550.0,34.66,2026-02,February,2026Q1
ORD-10146,2026-02-13,101,507,3,0.0,UPI,Delivered,5400,0.0,5400.0,2550,2850.0,52.78,2026-02,February,2026Q1
ORD-10148,2026-02-14,109,502,3,0.1,UPI,Delivered,9600,960.0,8640.0,4800,3840.0,44.44,2026-02,February,2026Q1
ORD-10149,2026-02-14,101,508,3,0.5,Net Banking,Delivered,10500,5250.0,5250.0,5700,-450.0,-8.57,2026-02,February,2026Q1
ORD-10150,2026-02-15,109,507,4,0.15,UPI,Delivered,7200,1080.0,6120.0,3400,2720.0,44.44,2026-02,February,2026Q1
ORD-10151,2026-02-15,106,502,4,0.0,UPI,Cancelled,12800,0.0,12800.0,6400,6400.0,50.0,2026-02,February,2026Q1
ORD-10152,2026-02-15,101,504,4,0.15,Credit Card,Delivered,3400,510.0,2890.0,1920,970.0,33.56,2026-02,February,2026Q1
ORD-10153,2026-02-15,107,503,3,0.05,UPI,Delivered,1950,97.5,1852.5,960,892.5,48.18,2026-02,February,2026Q1
ORD-10154,2026-02-16,108,503,2,0.1,Credit Card,Delivered,1300,130.0,1170.0,640,530.0,45.3,2026-02,February,2026Q1
ORD-10155,2026-02-16,101,502,3,0.0,UPI,Delivered,9600,0.0,9600.0,4800,4800.0,50.0,2026-02,February,2026Q1
ORD-10156,2026-02-16,103,508,2,0.05,Credit Card,Delivered,7000,350.0,6650.0,3800,2850.0,42.86,2026-02,February,2026Q1
ORD-10157,2026-02-17,107,504,2,0.15,UPI,Delivered,1700,255.0,1445.0,960,485.0,33.56,2026-02,February,2026Q1
ORD-10158,2026-02-17,108,507,3,0.15,UPI,Delivered,5400,810.0,4590.0,2550,2040.0,44.44,2026-02,February,2026Q1
ORD-10159,2026-02-17,103,503,1,0.15,UPI,Delivered,650,97.5,552.5,320,232.5,42.08,2026-02,February,2026Q1
ORD-10160,2026-02-18,108,506,3,0.15,Credit Card,Delivered,17400,2610.0,14790.0,10800,3990.0,26.98,2026-02,February,2026Q1
ORD-10162,2026-02-18,103,508,5,0.0,UPI,Delivered,17500,0.0,17500.0,9500,8000.0,45.71,2026-02,February,2026Q1
ORD-10163,2026-02-18,105,504,3,0.05,UPI,Delivered,2550,127.5,2422.5,1440,982.5,40.56,2026-02,February,2026Q1
ORD-10164,2026-02-19,104,505,5,0.05,UPI,Delivered,11000,550.0,10450.0,5500,4950.0,47.37,2026-02,February,2026Q1
ORD-10165,2026-02-19,103,504,2,0.15,UPI,Delivered,1700,255.0,1445.0,960,485.0,33.56,2026-02,February,2026Q1
ORD-10166,2026-02-19,107,508,1,0.0,UPI,Delivered,3500,0.0,3500.0,1900,1600.0,45.71,2026-02,February,2026Q1
ORD-10167,2026-02-20,109,507,1,0.1,UPI,Delivered,1800,180.0,1620.0,850,770.0,47.53,2026-02,February,2026Q1
ORD-10169,2026-02-20,104,501,2,0.0,Credit Card,Delivered,9000,0.0,9000.0,4800,4200.0,46.67,2026-02,February,2026Q1
ORD-10170,2026-02-21,105,502,5,0.1,Net Banking,Delivered,16000,1600.0,14400.0,8000,6400.0,44.44,2026-02,February,2026Q1
ORD-10171,2026-02-21,109,505,2,0.05,UPI,Delivered,4400,220.0,4180.0,2200,1980.0,47.37,2026-02,February,2026Q1
ORD-10172,2026-02-21,102,504,3,0.0,Credit Card,Delivered,2550,0.0,2550.0,1440,1110.0,43.53,2026-02,February,2026Q1
ORD-10173,2026-02-21,105,503,3,0.0,Debit Card,Delivered,1950,0.0,1950.0,960,990.0,50.77,2026-02,February,2026Q1
ORD-10174,2026-02-22,106,502,5,0.05,UPI,Delivered,16000,800.0,15200.0,8000,7200.0,47.37,2026-02,February,2026Q1
ORD-10175,2026-02-22,103,504,3,0.1,Credit Card,Delivered,2550,255.0,2295.0,1440,855.0,37.25,2026-02,February,2026Q1
ORD-10176,2026-02-22,110,502,5,0.15,Debit Card,Delivered,16000,2400.0,13600.0,8000,5600.0,41.18,2026-02,February,2026Q1
ORD-10177,2026-02-23,108,502,1,0.1,UPI,Delivered,3200,320.0,2880.0,1600,1280.0,44.44,2026-02,February,2026Q1
ORD-10178,2026-02-23,103,506,2,0.0,UPI,Delivered,11600,0.0,11600.0,7200,4400.0,37.93,2026-02,February,2026Q1
ORD-10179,2026-02-23,101,502,1,0.1,UPI,Cancelled,3200,320.0,2880.0,1600,1280.0,44.44,2026-02,February,2026Q1
ORD-10180,2026-02-24,103,508,5,0.0,Credit Card,Delivered,17500,0.0,17500.0,9500,8000.0,45.71,2026-02,February,2026Q1
ORD-10181,2026-02-24,109,502,1,0.1,Cash on Delivery,Cancelled,3200,320.0,2880.0,1600,1280.0,44.44,2026-02,February,2026Q1
ORD-10182,2026-02-24,110,508,1,0.0,Credit Card,Delivered,3500,0.0,3500.0,1900,1600.0,45.71,2026-02,February,2026Q1
ORD-10183,2026-02-24,105,507,1,0.15,Cash on Delivery,Cancelled,1800,270.0,1530.0,850,680.0,44.44,2026-02,February,2026Q1
ORD-10184,2026-02-25,102,507,4,0.05,Credit Card,Delivered,7200,360.0,6840.0,3400,3440.0,50.29,2026-02,February,2026Q1
ORD-10185,2026-02-25,108,503,4,0.05,Net Banking,Delivered,2600,130.0,2470.0,1280,1190.0,48.18,2026-02,February,2026Q1
ORD-10186,2026-02-25,110,507,4,0.15,Credit Card,Delivered,7200,1080.0,6120.0,3400,2720.0,44.44,2026-02,February,2026Q1
ORD-10187,2026-02-26,109,505,2,0.0,Credit Card,Delivered,4400,0.0,4400.0,2200,2200.0,50.0,2026-02,February,2026Q1
ORD-10188,2026-02-26,107,503,2,0.1,Net Banking,Delivered,1300,130.0,1170.0,640,530.0,45.3,2026-02,February,2026Q1
ORD-10189,2026-02-26,103,503,4,0.5,UPI,Delivered,2600,1300.0,1300.0,1280,20.0,1.54,2026-02,February,2026Q1
ORD-10190,2026-02-27,109,508,4,0.05,UPI,Delivered,14000,700.0,13300.0,7600,5700.0,42.86,2026-02,February,2026Q1
ORD-10191,2026-02-27,104,505,1,0.1,Credit Card,Delivered,2200,220.0,1980.0,1100,880.0,44.44,2026-02,February,2026Q1
ORD-10192,2026-02-27,102,504,2,0.0,UPI,Delivered,1700,0.0,1700.0,960,740.0,43.53,2026-02,February,2026Q1
ORD-10193,2026-02-27,109,507,1,0.15,UPI,Cancelled,1800,270.0,1530.0,850,680.0,44.44,2026-02,February,2026Q1
ORD-10194,2026-02-28,105,503,4,0.15,Net Banking,Delivered,2600,390.0,2210.0,1280,930.0,42.08,2026-02,February,2026Q1
ORD-10195,2026-02-28,102,501,4,0.15,Net Banking,Delivered,18000,2700.0,15300.0,9600,5700.0,37.25,2026-02,February,2026Q1
ORD-10196,2026-02-28,105,503,5,0.1,UPI,Delivered,3250,325.0,2925.0,1600,1325.0,45.3,2026-02,February,2026Q1
ORD-10197,2026-03-01,101,502,3,0.0,UPI,Cancelled,9600,0.0,9600.0,4800,4800.0,50.0,2026-03,March,2026Q1
ORD-10198,2026-03-01,101,501,3,0.0,UPI,Delivered,13500,0.0,13500.0,7200,6300.0,46.67,2026-03,March,2026Q1
ORD-10199,2026-03-01,102,502,1,0.15,Credit Card,Delivered,3200,480.0,2720.0,1600,1120.0,41.18,2026-03,March,2026Q1
ORD-10200,2026-03-02,109,501,4,0.05,Credit Card,Delivered,18000,900.0,17100.0,9600,7500.0,43.86,2026-03,March,2026Q1
ORD-10201,2026-03-02,109,503,1,0.05,Debit Card,Delivered,650,32.5,617.5,320,297.5,48.18,2026-03,March,2026Q1
ORD-10202,2026-03-02,105,503,3,0.15,UPI,Delivered,1950,292.5,1657.5,960,697.5,42.08,2026-03,March,2026Q1
ORD-10203,2026-03-03,105,508,2,0.0,UPI,Delivered,7000,0.0,7000.0,3800,3200.0,45.71,2026-03,March,2026Q1
ORD-10204,2026-03-03,105,505,1,0.0,Credit Card,Delivered,2200,0.0,2200.0,1100,1100.0,50.0,2026-03,March,2026Q1
ORD-10205,2026-03-03,110,503,2,0.0,UPI,Delivered,1300,0.0,1300.0,640,660.0,50.77,2026-03,March,2026Q1
ORD-10206,2026-03-03,103,508,4,0.1,UPI,Delivered,14000,1400.0,12600.0,7600,5000.0,39.68,2026-03,March,2026Q1
ORD-10207,2026-03-04,109,505,2,0.1,Debit Card,Delivered,4400,440.0,3960.0,2200,1760.0,44.44,2026-03,March,2026Q1
ORD-10208,2026-03-04,110,501,3,0.05,UPI,Delivered,13500,675.0,12825.0,7200,5625.0,43.86,2026-03,March,2026Q1
ORD-10209,2026-03-04,107,507,2,0.05,Debit Card,Delivered,3600,180.0,3420.0,1700,1720.0,50.29,2026-03,March,2026Q1
ORD-10210,2026-03-05,102,508,5,0.0,Credit Card,Delivered,17500,0.0,17500.0,9500,8000.0,45.71,2026-03,March,2026Q1
ORD-10211,2026-03-05,102,504,5,0.05,UPI,Delivered,4250,212.5,4037.5,2400,1637.5,40.56,2026-03,March,2026Q1
ORD-10212,2026-03-05,109,508,2,0.15,UPI,Delivered,7000,1050.0,5950.0,3800,2150.0,36.13,2026-03,March,2026Q1
ORD-10213,2026-03-06,106,504,4,0.05,Net Banking,Delivered,3400,170.0,3230.0,1920,1310.0,40.56,2026-03,March,2026Q1
ORD-10214,2026-03-06,106,501,2,0.05,Credit Card,Delivered,9000,450.0,8550.0,4800,3750.0,43.86,2026-03,March,2026Q1
ORD-10215,2026-03-06,102,506,5,0.1,UPI,Delivered,29000,2900.0,26100.0,18000,8100.0,31.03,2026-03,March,2026Q1
ORD-10216,2026-03-06,107,505,3,0.1,Credit Card,Delivered,6600,660.0,5940.0,3300,2640.0,44.44,2026-03,March,2026Q1
ORD-10217,2026-03-07,110,507,2,0.05,Cash on Delivery,Delivered,3600,180.0,3420.0,1700,1720.0,50.29,2026-03,March,2026Q1
ORD-10218,2026-03-07,109,507,5,0.15,Debit Card,Delivered,9000,1350.0,7650.0,4250,3400.0,44.44,2026-03,March,2026Q1
ORD-10219,2026-03-07,104,506,3,0.0,Cash on Delivery,Delivered,17400,0.0,17400.0,10800,6600.0,37.93,2026-03,March,2026Q1
ORD-10220,2026-03-08,105,507,5,0.05,Debit Card,Delivered,9000,450.0,8550.0,4250,4300.0,50.29,2026-03,March,2026Q1
ORD-10221,2026-03-08,101,502,4,0.05,UPI,Delivered,12800,640.0,12160.0,6400,5760.0,47.37,2026-03,March,2026Q1
ORD-10222,2026-03-08,109,508,4,0.15,Credit Card,Cancelled,14000,2100.0,11900.0,7600,4300.0,36.13,2026-03,March,2026Q1
ORD-10223,2026-03-09,109,501,5,0.1,Credit Card,Delivered,22500,2250.0,20250.0,12000,8250.0,40.74,2026-03,March,2026Q1
ORD-10224,2026-03-09,107,503,5,0.0,Net Banking,Cancelled,3250,0.0,3250.0,1600,1650.0,50.77,2026-03,March,2026Q1
ORD-10226,2026-03-09,104,504,1,0.0,UPI,Delivered,850,0.0,850.0,480,370.0,43.53,2026-03,March,2026Q1
ORD-10227,2026-03-10,105,505,2,0.1,Cash on Delivery,Delivered,4400,440.0,3960.0,2200,1760.0,44.44,2026-03,March,2026Q1
ORD-10228,2026-03-10,105,502,2,0.1,Debit Card,Delivered,6400,640.0,5760.0,3200,2560.0,44.44,2026-03,March,2026Q1
ORD-10229,2026-03-10,109,501,4,0.15,Debit Card,Delivered,18000,2700.0,15300.0,9600,5700.0,37.25,2026-03,March,2026Q1
ORD-10230,2026-03-11,109,501,4,0.15,UPI,Delivered,18000,2700.0,15300.0,9600,5700.0,37.25,2026-03,March,2026Q1
ORD-10231,2026-03-11,104,501,2,0.05,UPI,Delivered,9000,450.0,8550.0,4800,3750.0,43.86,2026-03,March,2026Q1
ORD-10232,2026-03-11,101,501,5,0.0,UPI,Delivered,22500,0.0,22500.0,12000,10500.0,46.67,2026-03,March,2026Q1
ORD-10233,2026-03-12,102,506,2,0.05,Debit Card,Delivered,11600,580.0,11020.0,7200,3820.0,34.66,2026-03,March,2026Q1
ORD-10234,2026-03-12,101,508,3,0.1,UPI,Cancelled,10500,1050.0,9450.0,5700,3750.0,39.68,2026-03,March,2026Q1
ORD-10235,2026-03-12,107,507,1,0.15,Net Banking,Delivered,1800,270.0,1530.0,850,680.0,44.44,2026-03,March,2026Q1
ORD-10236,2026-03-12,104,506,3,0.1,Net Banking,Delivered,17400,1740.0,15660.0,10800,4860.0,31.03,2026-03,March,2026Q1
ORD-10237,2026-03-13,110,506,2,0.1,Credit Card,Delivered,11600,1160.0,10440.0,7200,3240.0,31.03,2026-03,March,2026Q1
ORD-10238,2026-03-13,102,506,4,0.0,Credit Card,Delivered,23200,0.0,23200.0,14400,8800.0,37.93,2026-03,March,2026Q1
ORD-10239,2026-03-13,103,507,4,0.0,Debit Card,Delivered,7200,0.0,7200.0,3400,3800.0,52.78,2026-03,March,2026Q1
ORD-10241,2026-03-14,108,501,3,0.05,UPI,Delivered,13500,675.0,12825.0,7200,5625.0,43.86,2026-03,March,2026Q1
ORD-10242,2026-03-14,106,507,1,0.0,Net Banking,Delivered,1800,0.0,1800.0,850,950.0,52.78,2026-03,March,2026Q1
ORD-10243,2026-03-15,108,504,5,0.15,Debit Card,Delivered,4250,637.5,3612.5,2400,1212.5,33.56,2026-03,March,2026Q1
ORD-10244,2026-03-15,102,501,3,0.15,UPI,Delivered,13500,2025.0,11475.0,7200,4275.0,37.25,2026-03,March,2026Q1
ORD-10245,2026-03-15,104,502,2,0.1,UPI,Delivered,6400,640.0,5760.0,3200,2560.0,44.44,2026-03,March,2026Q1
ORD-10246,2026-03-15,106,505,4,0.05,Credit Card,Delivered,8800,440.0,8360.0,4400,3960.0,47.37,2026-03,March,2026Q1
ORD-10247,2026-03-16,103,502,4,0.1,Credit Card,Delivered,12800,1280.0,11520.0,6400,5120.0,44.44,2026-03,March,2026Q1
ORD-10248,2026-03-16,102,507,5,0.0,UPI,Delivered,9000,0.0,9000.0,4250,4750.0,52.78,2026-03,March,2026Q1
ORD-10249,2026-03-16,108,507,1,0.1,UPI,Delivered,1800,180.0,1620.0,850,770.0,47.53,2026-03,March,2026Q1
ORD-10250,2026-03-17,109,504,2,0.0,UPI,Delivered,1700,0.0,1700.0,960,740.0,43.53,2026-03,March,2026Q1
ORD-10251,2026-03-17,108,504,5,0.1,UPI,Delivered,4250,425.0,3825.0,2400,1425.0,37.25,2026-03,March,2026Q1
ORD-10252,2026-03-17,110,505,2,0.0,UPI,Delivered,4400,0.0,4400.0,2200,2200.0,50.0,2026-03,March,2026Q1
ORD-10253,2026-03-18,101,501,4,0.1,Debit Card,Delivered,18000,1800.0,16200.0,9600,6600.0,40.74,2026-03,March,2026Q1
ORD-10254,2026-03-18,105,501,1,0.15,Credit Card,Delivered,4500,675.0,3825.0,2400,1425.0,37.25,2026-03,March,2026Q1
ORD-10255,2026-03-18,104,502,2,0.0,Net Banking,Delivered,6400,0.0,6400.0,3200,3200.0,50.0,2026-03,March,2026Q1
ORD-10256,2026-03-18,107,503,5,0.0,UPI,Delivered,3250,0.0,3250.0,1600,1650.0,50.77,2026-03,March,2026Q1
ORD-10257,2026-03-19,110,504,5,0.1,UPI,Cancelled,4250,425.0,3825.0,2400,1425.0,37.25,2026-03,March,2026Q1
ORD-10258,2026-03-19,102,505,1,0.15,Credit Card,Delivered,2200,330.0,1870.0,1100,770.0,41.18,2026-03,March,2026Q1
ORD-10259,2026-03-19,106,504,5,0.05,UPI,Delivered,4250,212.5,4037.5,2400,1637.5,40.56,2026-03,March,2026Q1
ORD-10260,2026-03-20,102,505,1,0.0,UPI,Delivered,2200,0.0,2200.0,1100,1100.0,50.0,2026-03,March,2026Q1
ORD-10261,2026-03-20,106,507,2,0.1,Net Banking,Delivered,3600,360.0,3240.0,1700,1540.0,47.53,2026-03,March,2026Q1
ORD-10262,2026-03-20,102,502,1,0.1,Credit Card,Delivered,3200,320.0,2880.0,1600,1280.0,44.44,2026-03,March,2026Q1
ORD-10263,2026-03-21,108,501,4,0.1,Net Banking,Delivered,18000,1800.0,16200.0,9600,6600.0,40.74,2026-03,March,2026Q1
ORD-10264,2026-03-21,105,501,2,0.05,Cash on Delivery,Delivered,9000,450.0,8550.0,4800,3750.0,43.86,2026-03,March,2026Q1
ORD-10265,2026-03-21,109,501,1,0.0,Debit Card,Delivered,4500,0.0,4500.0,2400,2100.0,46.67,2026-03,March,2026Q1
ORD-10266,2026-03-21,109,503,4,0.05,UPI,Delivered,2600,130.0,2470.0,1280,1190.0,48.18,2026-03,March,2026Q1
ORD-10267,2026-03-22,106,502,2,0.1,UPI,Delivered,6400,640.0,5760.0,3200,2560.0,44.44,2026-03,March,2026Q1
ORD-10268,2026-03-22,108,506,1,0.0,UPI,Delivered,5800,0.0,5800.0,3600,2200.0,37.93,2026-03,March,2026Q1
ORD-10269,2026-03-22,105,503,4,0.0,UPI,Delivered,2600,0.0,2600.0,1280,1320.0,50.77,2026-03,March,2026Q1
ORD-10270,2026-03-23,106,502,3,0.05,Credit Card,Delivered,9600,480.0,9120.0,4800,4320.0,47.37,2026-03,March,2026Q1
ORD-10271,2026-03-23,109,503,5,0.15,Debit Card,Delivered,3250,487.5,2762.5,1600,1162.5,42.08,2026-03,March,2026Q1
ORD-10272,2026-03-23,110,501,4,0.15,Credit Card,Delivered,18000,2700.0,15300.0,9600,5700.0,37.25,2026-03,March,2026Q1
ORD-10273,2026-03-24,107,506,2,0.1,UPI,Delivered,11600,1160.0,10440.0,7200,3240.0,31.03,2026-03,March,2026Q1
ORD-10274,2026-03-24,107,508,5,0.0,Credit Card,Delivered,17500,0.0,17500.0,9500,8000.0,45.71,2026-03,March,2026Q1
ORD-10275,2026-03-24,104,505,5,0.05,UPI,Delivered,11000,550.0,10450.0,5500,4950.0,47.37,2026-03,March,2026Q1
ORD-10276,2026-03-24,105,504,3,0.15,Credit Card,Delivered,2550,382.5,2167.5,1440,727.5,33.56,2026-03,March,2026Q1
ORD-10277,2026-03-25,104,506,2,0.0,UPI,Delivered,11600,0.0,11600.0,7200,4400.0,37.93,2026-03,March,2026Q1
ORD-10278,2026-03-25,107,507,4,0.0,UPI,Delivered,7200,0.0,7200.0,3400,3800.0,52.78,2026-03,March,2026Q1
ORD-10279,2026-03-25,101,502,5,0.15,UPI,Delivered,16000,2400.0,13600.0,8000,5600.0,41.18,2026-03,March,2026Q1
ORD-10280,2026-03-26,106,501,4,0.5,Credit Card,Cancelled,18000,9000.0,9000.0,9600,-600.0,-6.67,2026-03,March,2026Q1
ORD-10281,2026-03-26,107,506,5,0.0,Debit Card,Delivered,29000,0.0,29000.0,18000,11000.0,37.93,2026-03,March,2026Q1
ORD-10282,2026-03-26,108,502,1,0.15,Debit Card,Delivered,3200,480.0,2720.0,1600,1120.0,41.18,2026-03,March,2026Q1
ORD-10283,2026-03-27,105,504,2,0.15,UPI,Delivered,1700,255.0,1445.0,960,485.0,33.56,2026-03,March,2026Q1
ORD-10284,2026-03-27,102,503,4,0.1,Credit Card,Delivered,2600,260.0,2340.0,1280,1060.0,45.3,2026-03,March,2026Q1
ORD-10285,2026-03-27,103,504,2,0.0,UPI,Delivered,1700,0.0,1700.0,960,740.0,43.53,2026-03,March,2026Q1
ORD-10286,2026-03-27,103,504,3,0.05,Credit Card,Delivered,2550,127.5,2422.5,1440,982.5,40.56,2026-03,March,2026Q1
ORD-10287,2026-03-28,109,502,3,0.05,UPI,Delivered,9600,480.0,9120.0,4800,4320.0,47.37,2026-03,March,2026Q1
ORD-10289,2026-03-28,104,502,2,0.0,UPI,Delivered,6400,0.0,6400.0,3200,3200.0,50.0,2026-03,March,2026Q1
ORD-10290,2026-03-29,101,504,3,0.0,UPI,Delivered,2550,0.0,2550.0,1440,1110.0,43.53,2026-03,March,2026Q1
ORD-10291,2026-03-29,104,505,1,0.15,Debit Card,Delivered,2200,330.0,1870.0,1100,770.0,41.18,2026-03,March,2026Q1
ORD-10292,2026-03-29,105,508,2,0.15,UPI,Delivered,7000,1050.0,5950.0,3800,2150.0,36.13,2026-03,March,2026Q1
ORD-10293,2026-03-30,106,502,4,0.0,Cash on Delivery,Delivered,12800,0.0,12800.0,6400,6400.0,50.0,2026-03,March,2026Q1
ORD-10294,2026-03-30,104,508,4,0.0,UPI,Delivered,14000,0.0,14000.0,7600,6400.0,45.71,2026-03,March,2026Q1
ORD-10295,2026-03-30,109,507,2,0.0,Debit Card,Delivered,3600,0.0,3600.0,1700,1900.0,52.78,2026-03,March,2026Q1
ORD-10296,2026-03-30,108,504,3,0.0,UPI,Returned,2550,0.0,2550.0,1440,1110.0,43.53,2026-03,March,2026Q1
ORD-10297,2026-03-31,106,505,4,0.15,UPI,Delivered,8800,1320.0,7480.0,4400,3080.0,41.18,2026-03,March,2026Q1
ORD-10298,2026-03-31,104,506,2,0.15,UPI,Delivered,11600,1740.0,9860.0,7200,2660.0,26.98,2026-03,March,2026Q1
ORD-10299,2026-03-31,106,504,2,0.15,UPI,Delivered,1700,255.0,1445.0,960,485.0,33.56,2026-03,March,2026Q1
ORD-10300,2026-04-01,102,501,5,0.0,Credit Card,Delivered,22500,0.0,22500.0,12000,10500.0,46.67,2026-04,April,2026Q2
ORD-10301,2026-04-01,104,506,2,0.1,UPI,Delivered,11600,1160.0,10440.0,7200,3240.0,31.03,2026-04,April,2026Q2
ORD-10302,2026-04-01,106,504,5,0.15,Net Banking,Delivered,4250,637.5,3612.5,2400,1212.5,33.56,2026-04,April,2026Q2
ORD-10303,2026-04-02,102,505,3,0.05,Net Banking,Delivered,6600,330.0,6270.0,3300,2970.0,47.37,2026-04,April,2026Q2
ORD-10304,2026-04-02,107,504,1,0.1,UPI,Delivered,850,85.0,765.0,480,285.0,37.25,2026-04,April,2026Q2
ORD-10305,2026-04-02,102,506,4,0.05,Debit Card,Delivered,23200,1160.0,22040.0,14400,7640.0,34.66,2026-04,April,2026Q2
ORD-10306,2026-04-02,106,501,4,0.0,Credit Card,Delivered,18000,0.0,18000.0,9600,8400.0,46.67,2026-04,April,2026Q2
ORD-10307,2026-04-03,104,503,3,0.0,Credit Card,Delivered,1950,0.0,1950.0,960,990.0,50.77,2026-04,April,2026Q2
ORD-10308,2026-04-03,105,502,4,0.15,UPI,Delivered,12800,1920.0,10880.0,6400,4480.0,41.18,2026-04,April,2026Q2
ORD-10309,2026-04-03,104,502,5,0.05,UPI,Delivered,16000,800.0,15200.0,8000,7200.0,47.37,2026-04,April,2026Q2
ORD-10310,2026-04-04,102,504,3,0.0,Debit Card,Delivered,2550,0.0,2550.0,1440,1110.0,43.53,2026-04,April,2026Q2
ORD-10311,2026-04-04,102,506,3,0.1,Credit Card,Returned,17400,1740.0,15660.0,10800,4860.0,31.03,2026-04,April,2026Q2
ORD-10312,2026-04-04,103,501,3,0.15,UPI,Delivered,13500,2025.0,11475.0,7200,4275.0,37.25,2026-04,April,2026Q2
ORD-10313,2026-04-05,101,504,4,0.0,UPI,Delivered,3400,0.0,3400.0,1920,1480.0,43.53,2026-04,April,2026Q2
ORD-10314,2026-04-05,104,504,4,0.05,UPI,Delivered,3400,170.0,3230.0,1920,1310.0,40.56,2026-04,April,2026Q2
ORD-10315,2026-04-05,103,507,3,0.05,UPI,Delivered,5400,270.0,5130.0,2550,2580.0,50.29,2026-04,April,2026Q2
ORD-10316,2026-04-05,105,506,2,0.0,UPI,Delivered,11600,0.0,11600.0,7200,4400.0,37.93,2026-04,April,2026Q2
ORD-10317,2026-04-06,110,507,2,0.0,UPI,Delivered,3600,0.0,3600.0,1700,1900.0,52.78,2026-04,April,2026Q2
ORD-10318,2026-04-06,102,505,5,0.0,Cash on Delivery,Delivered,11000,0.0,11000.0,5500,5500.0,50.0,2026-04,April,2026Q2
ORD-10319,2026-04-06,103,501,4,0.0,Debit Card,Delivered,18000,0.0,18000.0,9600,8400.0,46.67,2026-04,April,2026Q2
ORD-10320,2026-04-07,110,506,4,0.15,Debit Card,Delivered,23200,3480.0,19720.0,14400,5320.0,26.98,2026-04,April,2026Q2
ORD-10321,2026-04-07,109,505,4,0.05,Debit Card,Delivered,8800,440.0,8360.0,4400,3960.0,47.37,2026-04,April,2026Q2
ORD-10322,2026-04-07,109,508,1,0.0,Credit Card,Delivered,3500,0.0,3500.0,1900,1600.0,45.71,2026-04,April,2026Q2
ORD-10323,2026-04-08,101,502,2,0.5,Net Banking,Delivered,6400,3200.0,3200.0,3200,0.0,0.0,2026-04,April,2026Q2
ORD-10324,2026-04-08,107,502,3,0.0,Credit Card,Delivered,9600,0.0,9600.0,4800,4800.0,50.0,2026-04,April,2026Q2
ORD-10325,2026-04-08,108,505,3,0.15,Credit Card,Delivered,6600,990.0,5610.0,3300,2310.0,41.18,2026-04,April,2026Q2
ORD-10326,2026-04-08,108,501,3,0.1,UPI,Delivered,13500,1350.0,12150.0,7200,4950.0,40.74,2026-04,April,2026Q2
ORD-10327,2026-04-09,105,504,5,0.1,UPI,Delivered,4250,425.0,3825.0,2400,1425.0,37.25,2026-04,April,2026Q2
ORD-10328,2026-04-09,103,507,3,0.1,UPI,Delivered,5400,540.0,4860.0,2550,2310.0,47.53,2026-04,April,2026Q2
ORD-10330,2026-04-10,108,508,1,0.1,UPI,Delivered,3500,350.0,3150.0,1900,1250.0,39.68,2026-04,April,2026Q2
ORD-10331,2026-04-10,104,506,1,0.05,Credit Card,Delivered,5800,290.0,5510.0,3600,1910.0,34.66,2026-04,April,2026Q2
ORD-10332,2026-04-10,110,505,4,0.15,UPI,Delivered,8800,1320.0,7480.0,4400,3080.0,41.18,2026-04,April,2026Q2
ORD-10333,2026-04-11,102,503,2,0.15,Credit Card,Delivered,1300,195.0,1105.0,640,465.0,42.08,2026-04,April,2026Q2
ORD-10334,2026-04-11,108,503,4,0.05,Net Banking,Delivered,2600,130.0,2470.0,1280,1190.0,48.18,2026-04,April,2026Q2
ORD-10335,2026-04-11,105,504,3,0.15,Cash on Delivery,Delivered,2550,382.5,2167.5,1440,727.5,33.56,2026-04,April,2026Q2
ORD-10336,2026-04-11,107,507,1,0.1,UPI,Delivered,1800,180.0,1620.0,850,770.0,47.53,2026-04,April,2026Q2
ORD-10337,2026-04-12,105,506,4,0.5,UPI,Delivered,23200,11600.0,11600.0,14400,-2800.0,-24.14,2026-04,April,2026Q2
ORD-10338,2026-04-12,109,506,4,0.5,UPI,Delivered,23200,11600.0,11600.0,14400,-2800.0,-24.14,2026-04,April,2026Q2
ORD-10339,2026-04-12,104,503,2,0.1,UPI,Delivered,1300,130.0,1170.0,640,530.0,45.3,2026-04,April,2026Q2
ORD-10340,2026-04-13,106,503,5,0.15,Credit Card,Delivered,3250,487.5,2762.5,1600,1162.5,42.08,2026-04,April,2026Q2
ORD-10341,2026-04-13,107,505,4,0.15,UPI,Delivered,8800,1320.0,7480.0,4400,3080.0,41.18,2026-04,April,2026Q2
ORD-10342,2026-04-13,110,508,1,0.1,Cash on Delivery,Delivered,3500,350.0,3150.0,1900,1250.0,39.68,2026-04,April,2026Q2
ORD-10343,2026-04-14,110,502,3,0.0,Debit Card,Delivered,9600,0.0,9600.0,4800,4800.0,50.0,2026-04,April,2026Q2
ORD-10344,2026-04-14,102,501,5,0.15,UPI,Delivered,22500,3375.0,19125.0,12000,7125.0,37.25,2026-04,April,2026Q2
ORD-10346,2026-04-14,104,503,3,0.05,Net Banking,Returned,1950,97.5,1852.5,960,892.5,48.18,2026-04,April,2026Q2
ORD-10347,2026-04-15,104,507,5,0.05,Net Banking,Delivered,9000,450.0,8550.0,4250,4300.0,50.29,2026-04,April,2026Q2
ORD-10349,2026-04-15,104,504,1,0.0,Credit Card,Delivered,850,0.0,850.0,480,370.0,43.53,2026-04,April,2026Q2
ORD-10350,2026-04-16,103,508,5,0.1,Debit Card,Delivered,17500,1750.0,15750.0,9500,6250.0,39.68,2026-04,April,2026Q2
ORD-10351,2026-04-16,108,502,2,0.15,Debit Card,Delivered,6400,960.0,5440.0,3200,2240.0,41.18,2026-04,April,2026Q2
ORD-10352,2026-04-16,103,506,5,0.05,Debit Card,Delivered,29000,1450.0,27550.0,18000,9550.0,34.66,2026-04,April,2026Q2
ORD-10353,2026-04-17,103,508,5,0.1,Debit Card,Delivered,17500,1750.0,15750.0,9500,6250.0,39.68,2026-04,April,2026Q2
ORD-10354,2026-04-17,104,501,3,0.1,Cash on Delivery,Cancelled,13500,1350.0,12150.0,7200,4950.0,40.74,2026-04,April,2026Q2
ORD-10355,2026-04-17,101,501,4,0.1,UPI,Delivered,18000,1800.0,16200.0,9600,6600.0,40.74,2026-04,April,2026Q2
ORD-10356,2026-04-17,107,501,2,0.0,Credit Card,Returned,9000,0.0,9000.0,4800,4200.0,46.67,2026-04,April,2026Q2
ORD-10358,2026-04-18,101,503,5,0.1,UPI,Delivered,3250,325.0,2925.0,1600,1325.0,45.3,2026-04,April,2026Q2
ORD-10359,2026-04-18,103,505,5,0.15,Debit Card,Delivered,11000,1650.0,9350.0,5500,3850.0,41.18,2026-04,April,2026Q2
ORD-10360,2026-04-19,105,504,2,0.1,Net Banking,Delivered,1700,170.0,1530.0,960,570.0,37.25,2026-04,April,2026Q2
ORD-10361,2026-04-19,108,501,4,0.05,UPI,Delivered,18000,900.0,17100.0,9600,7500.0,43.86,2026-04,April,2026Q2
ORD-10362,2026-04-19,109,507,4,0.15,UPI,Delivered,7200,1080.0,6120.0,3400,2720.0,44.44,2026-04,April,2026Q2
ORD-10363,2026-04-20,110,506,4,0.1,Net Banking,Delivered,23200,2320.0,20880.0,14400,6480.0,31.03,2026-04,April,2026Q2
ORD-10364,2026-04-20,106,507,2,0.05,UPI,Delivered,3600,180.0,3420.0,1700,1720.0,50.29,2026-04,April,2026Q2
ORD-10365,2026-04-20,108,503,4,0.1,UPI,Delivered,2600,260.0,2340.0,1280,1060.0,45.3,2026-04,April,2026Q2
ORD-10366,2026-04-20,101,503,2,0.1,Cash on Delivery,Delivered,1300,130.0,1170.0,640,530.0,45.3,2026-04,April,2026Q2
ORD-10367,2026-04-21,107,505,2,0.15,UPI,Delivered,4400,660.0,3740.0,2200,1540.0,41.18,2026-04,April,2026Q2
ORD-10368,2026-04-21,110,505,2,0.1,UPI,Delivered,4400,440.0,3960.0,2200,1760.0,44.44,2026-04,April,2026Q2
ORD-10369,2026-04-21,103,503,1,0.15,UPI,Delivered,650,97.5,552.5,320,232.5,42.08,2026-04,April,2026Q2
ORD-10370,2026-04-22,102,505,4,0.0,Net Banking,Delivered,8800,0.0,8800.0,4400,4400.0,50.0,2026-04,April,2026Q2
ORD-10371,2026-04-22,101,508,5,0.15,Debit Card,Delivered,17500,2625.0,14875.0,9500,5375.0,36.13,2026-04,April,2026Q2
ORD-10372,2026-04-22,106,501,1,0.05,Credit Card,Delivered,4500,225.0,4275.0,2400,1875.0,43.86,2026-04,April,2026Q2
ORD-10373,2026-04-23,105,505,2,0.0,Credit Card,Delivered,4400,0.0,4400.0,2200,2200.0,50.0,2026-04,April,2026Q2
ORD-10374,2026-04-23,103,505,4,0.15,UPI,Delivered,8800,1320.0,7480.0,4400,3080.0,41.18,2026-04,April,2026Q2
ORD-10375,2026-04-23,103,508,3,0.15,UPI,Delivered,10500,1575.0,8925.0,5700,3225.0,36.13,2026-04,April,2026Q2
ORD-10376,2026-04-23,110,507,4,0.05,UPI,Delivered,7200,360.0,6840.0,3400,3440.0,50.29,2026-04,April,2026Q2
ORD-10377,2026-04-24,106,504,4,0.0,Credit Card,Returned,3400,0.0,3400.0,1920,1480.0,43.53,2026-04,April,2026Q2
ORD-10378,2026-04-24,110,501,2,0.05,UPI,Delivered,9000,450.0,8550.0,4800,3750.0,43.86,2026-04,April,2026Q2
ORD-10379,2026-04-24,110,504,3,0.15,Credit Card,Delivered,2550,382.5,2167.5,1440,727.5,33.56,2026-04,April,2026Q2
ORD-10380,2026-04-25,103,505,3,0.15,Credit Card,Delivered,6600,990.0,5610.0,3300,2310.0,41.18,2026-04,April,2026Q2
ORD-10381,2026-04-25,109,504,5,0.1,Credit Card,Delivered,4250,425.0,3825.0,2400,1425.0,37.25,2026-04,April,2026Q2
ORD-10382,2026-04-25,108,502,2,0.05,Debit Card,Delivered,6400,320.0,6080.0,3200,2880.0,47.37,2026-04,April,2026Q2
ORD-10383,2026-04-26,103,505,3,0.1,Cash on Delivery,Delivered,6600,660.0,5940.0,3300,2640.0,44.44,2026-04,April,2026Q2
ORD-10384,2026-04-26,101,507,5,0.15,UPI,Delivered,9000,1350.0,7650.0,4250,3400.0,44.44,2026-04,April,2026Q2
ORD-10385,2026-04-26,106,506,3,0.15,Debit Card,Delivered,17400,2610.0,14790.0,10800,3990.0,26.98,2026-04,April,2026Q2
ORD-10386,2026-04-26,101,507,5,0.0,Debit Card,Delivered,9000,0.0,9000.0,4250,4750.0,52.78,2026-04,April,2026Q2
ORD-10387,2026-04-27,106,502,3,0.1,Credit Card,Delivered,9600,960.0,8640.0,4800,3840.0,44.44,2026-04,April,2026Q2
ORD-10388,2026-04-27,104,501,4,0.05,UPI,Returned,18000,900.0,17100.0,9600,7500.0,43.86,2026-04,April,2026Q2
ORD-10389,2026-04-27,109,504,2,0.15,UPI,Delivered,1700,255.0,1445.0,960,485.0,33.56,2026-04,April,2026Q2
ORD-10390,2026-04-28,109,505,2,0.15,UPI,Delivered,4400,660.0,3740.0,2200,1540.0,41.18,2026-04,April,2026Q2
ORD-10391,2026-04-28,105,504,2,0.0,UPI,Delivered,1700,0.0,1700.0,960,740.0,43.53,2026-04,April,2026Q2
ORD-10392,2026-04-28,103,507,2,0.0,UPI,Delivered,3600,0.0,3600.0,1700,1900.0,52.78,2026-04,April,2026Q2
ORD-10393,2026-04-29,101,505,4,0.1,UPI,Delivered,8800,880.0,7920.0,4400,3520.0,44.44,2026-04,April,2026Q2
ORD-10394,2026-04-29,102,502,3,0.15,Credit Card,Delivered,9600,1440.0,8160.0,4800,3360.0,41.18,2026-04,April,2026Q2
ORD-10395,2026-04-29,104,504,1,0.1,UPI,Delivered,850,85.0,765.0,480,285.0,37.25,2026-04,April,2026Q2
ORD-10396,2026-04-29,110,501,5,0.5,UPI,Delivered,22500,11250.0,11250.0,12000,-750.0,-6.67,2026-04,April,2026Q2
ORD-10397,2026-04-30,104,504,1,0.1,UPI,Delivered,850,85.0,765.0,480,285.0,37.25,2026-04,April,2026Q2
ORD-10399,2026-04-30,106,506,4,0.05,UPI,Returned,23200,1160.0,22040.0,14400,7640.0,34.66,2026-04,April,2026Q2
ORD-10400,2026-05-01,104,501,1,0.05,Net Banking,Delivered,4500,225.0,4275.0,2400,1875.0,43.86,2026-05,May,2026Q2
ORD-10401,2026-05-01,109,503,3,0.1,Debit Card,Delivered,1950,195.0,1755.0,960,795.0,45.3,2026-05,May,2026Q2
ORD-10402,2026-05-01,107,506,1,0.1,Credit Card,Delivered,5800,580.0,5220.0,3600,1620.0,31.03,2026-05,May,2026Q2
ORD-10403,2026-05-02,104,506,5,0.15,UPI,Delivered,29000,4350.0,24650.0,18000,6650.0,26.98,2026-05,May,2026Q2
ORD-10404,2026-05-02,101,508,4,0.1,UPI,Delivered,14000,1400.0,12600.0,7600,5000.0,39.68,2026-05,May,2026Q2
ORD-10405,2026-05-02,109,504,3,0.15,Net Banking,Delivered,2550,382.5,2167.5,1440,727.5,33.56,2026-05,May,2026Q2
ORD-10406,2026-05-03,106,501,5,0.15,UPI,Delivered,22500,3375.0,19125.0,12000,7125.0,37.25,2026-05,May,2026Q2
ORD-10407,2026-05-03,102,505,5,0.15,UPI,Delivered,11000,1650.0,9350.0,5500,3850.0,41.18,2026-05,May,2026Q2
ORD-10408,2026-05-03,105,505,1,0.15,Net Banking,Delivered,2200,330.0,1870.0,1100,770.0,41.18,2026-05,May,2026Q2
ORD-10409,2026-05-03,101,508,5,0.15,UPI,Delivered,17500,2625.0,14875.0,9500,5375.0,36.13,2026-05,May,2026Q2
ORD-10410,2026-05-04,109,503,2,0.05,Credit Card,Delivered,1300,65.0,1235.0,640,595.0,48.18,2026-05,May,2026Q2
ORD-10411,2026-05-04,104,501,5,0.1,Credit Card,Delivered,22500,2250.0,20250.0,12000,8250.0,40.74,2026-05,May,2026Q2
ORD-10412,2026-05-04,106,504,5,0.15,Cash on Delivery,Delivered,4250,637.5,3612.5,2400,1212.5,33.56,2026-05,May,2026Q2
ORD-10413,2026-05-05,107,501,1,0.05,UPI,Delivered,4500,225.0,4275.0,2400,1875.0,43.86,2026-05,May,2026Q2
ORD-10414,2026-05-05,101,505,4,0.1,UPI,Delivered,8800,880.0,7920.0,4400,3520.0,44.44,2026-05,May,2026Q2
ORD-10415,2026-05-05,101,501,5,0.1,UPI,Delivered,22500,2250.0,20250.0,12000,8250.0,40.74,2026-05,May,2026Q2
ORD-10416,2026-05-06,104,508,1,0.05,Net Banking,Delivered,3500,175.0,3325.0,1900,1425.0,42.86,2026-05,May,2026Q2
ORD-10417,2026-05-06,108,503,4,0.05,Credit Card,Delivered,2600,130.0,2470.0,1280,1190.0,48.18,2026-05,May,2026Q2
ORD-10418,2026-05-06,110,503,1,0.0,UPI,Delivered,650,0.0,650.0,320,330.0,50.77,2026-05,May,2026Q2
ORD-10419,2026-05-06,105,503,3,0.0,UPI,Delivered,1950,0.0,1950.0,960,990.0,50.77,2026-05,May,2026Q2
ORD-10420,2026-05-07,103,503,5,0.0,UPI,Delivered,3250,0.0,3250.0,1600,1650.0,50.77,2026-05,May,2026Q2
ORD-10421,2026-05-07,108,508,5,0.15,Credit Card,Delivered,17500,2625.0,14875.0,9500,5375.0,36.13,2026-05,May,2026Q2
ORD-10422,2026-05-07,110,507,4,0.15,Net Banking,Delivered,7200,1080.0,6120.0,3400,2720.0,44.44,2026-05,May,2026Q2
ORD-10423,2026-05-08,107,501,4,0.05,Credit Card,Delivered,18000,900.0,17100.0,9600,7500.0,43.86,2026-05,May,2026Q2
ORD-10424,2026-05-08,104,502,5,0.15,Credit Card,Delivered,16000,2400.0,13600.0,8000,5600.0,41.18,2026-05,May,2026Q2
ORD-10425,2026-05-08,110,503,1,0.1,Credit Card,Delivered,650,65.0,585.0,320,265.0,45.3,2026-05,May,2026Q2
ORD-10427,2026-05-09,109,507,4,0.05,UPI,Delivered,7200,360.0,6840.0,3400,3440.0,50.29,2026-05,May,2026Q2
ORD-10429,2026-05-09,101,507,5,0.0,UPI,Delivered,9000,0.0,9000.0,4250,4750.0,52.78,2026-05,May,2026Q2
ORD-10430,2026-05-10,109,507,1,0.0,Credit Card,Delivered,1800,0.0,1800.0,850,950.0,52.78,2026-05,May,2026Q2
ORD-10431,2026-05-10,103,505,1,0.05,Credit Card,Delivered,2200,110.0,2090.0,1100,990.0,47.37,2026-05,May,2026Q2
ORD-10432,2026-05-10,103,503,4,0.0,UPI,Delivered,2600,0.0,2600.0,1280,1320.0,50.77,2026-05,May,2026Q2
ORD-10434,2026-05-11,102,508,4,0.15,UPI,Delivered,14000,2100.0,11900.0,7600,4300.0,36.13,2026-05,May,2026Q2
ORD-10435,2026-05-11,104,503,5,0.05,Credit Card,Delivered,3250,162.5,3087.5,1600,1487.5,48.18,2026-05,May,2026Q2
ORD-10436,2026-05-12,101,501,5,0.15,UPI,Returned,22500,3375.0,19125.0,12000,7125.0,37.25,2026-05,May,2026Q2
ORD-10437,2026-05-12,101,507,4,0.05,Credit Card,Delivered,7200,360.0,6840.0,3400,3440.0,50.29,2026-05,May,2026Q2
ORD-10438,2026-05-12,103,503,5,0.1,UPI,Cancelled,3250,325.0,2925.0,1600,1325.0,45.3,2026-05,May,2026Q2
ORD-10439,2026-05-12,110,503,2,0.0,Credit Card,Delivered,1300,0.0,1300.0,640,660.0,50.77,2026-05,May,2026Q2
ORD-10440,2026-05-13,105,502,5,0.15,UPI,Delivered,16000,2400.0,13600.0,8000,5600.0,41.18,2026-05,May,2026Q2
ORD-10441,2026-05-13,104,502,4,0.0,UPI,Cancelled,12800,0.0,12800.0,6400,6400.0,50.0,2026-05,May,2026Q2
ORD-10442,2026-05-13,104,501,5,0.05,Credit Card,Delivered,22500,1125.0,21375.0,12000,9375.0,43.86,2026-05,May,2026Q2
ORD-10443,2026-05-14,101,505,2,0.0,Debit Card,Delivered,4400,0.0,4400.0,2200,2200.0,50.0,2026-05,May,2026Q2
ORD-10444,2026-05-14,110,502,5,0.0,Credit Card,Delivered,16000,0.0,16000.0,8000,8000.0,50.0,2026-05,May,2026Q2
ORD-10445,2026-05-14,105,504,3,0.1,UPI,Delivered,2550,255.0,2295.0,1440,855.0,37.25,2026-05,May,2026Q2
ORD-10446,2026-05-15,103,505,2,0.1,Debit Card,Delivered,4400,440.0,3960.0,2200,1760.0,44.44,2026-05,May,2026Q2
ORD-10447,2026-05-15,102,508,1,0.1,UPI,Delivered,3500,350.0,3150.0,1900,1250.0,39.68,2026-05,May,2026Q2
ORD-10448,2026-05-15,105,501,5,0.1,UPI,Delivered,22500,2250.0,20250.0,12000,8250.0,40.74,2026-05,May,2026Q2
ORD-10449,2026-05-15,102,503,5,0.05,UPI,Delivered,3250,162.5,3087.5,1600,1487.5,48.18,2026-05,May,2026Q2
ORD-10450,2026-05-16,105,501,4,0.05,Net Banking,Delivered,18000,900.0,17100.0,9600,7500.0,43.86,2026-05,May,2026Q2
ORD-10451,2026-05-16,103,502,4,0.15,Credit Card,Delivered,12800,1920.0,10880.0,6400,4480.0,41.18,2026-05,May,2026Q2
ORD-10452,2026-05-16,104,506,3,0.15,UPI,Delivered,17400,2610.0,14790.0,10800,3990.0,26.98,2026-05,May,2026Q2
ORD-10453,2026-05-17,109,503,2,0.0,Cash on Delivery,Delivered,1300,0.0,1300.0,640,660.0,50.77,2026-05,May,2026Q2
ORD-10454,2026-05-17,103,507,4,0.1,UPI,Delivered,7200,720.0,6480.0,3400,3080.0,47.53,2026-05,May,2026Q2
ORD-10455,2026-05-17,104,505,1,0.0,Net Banking,Delivered,2200,0.0,2200.0,1100,1100.0,50.0,2026-05,May,2026Q2
ORD-10456,2026-05-18,106,503,3,0.5,Cash on Delivery,Delivered,1950,975.0,975.0,960,15.0,1.54,2026-05,May,2026Q2
ORD-10457,2026-05-18,107,508,2,0.0,UPI,Delivered,7000,0.0,7000.0,3800,3200.0,45.71,2026-05,May,2026Q2
ORD-10458,2026-05-18,110,502,5,0.05,UPI,Delivered,16000,800.0,15200.0,8000,7200.0,47.37,2026-05,May,2026Q2
ORD-10459,2026-05-18,109,506,3,0.15,Cash on Delivery,Delivered,17400,2610.0,14790.0,10800,3990.0,26.98,2026-05,May,2026Q2
ORD-10460,2026-05-19,107,503,1,0.0,Debit Card,Delivered,650,0.0,650.0,320,330.0,50.77,2026-05,May,2026Q2
ORD-10461,2026-05-19,108,508,5,0.0,Debit Card,Delivered,17500,0.0,17500.0,9500,8000.0,45.71,2026-05,May,2026Q2
ORD-10462,2026-05-19,102,507,1,0.05,UPI,Delivered,1800,90.0,1710.0,850,860.0,50.29,2026-05,May,2026Q2
ORD-10463,2026-05-20,106,503,3,0.05,Debit Card,Cancelled,1950,97.5,1852.5,960,892.5,48.18,2026-05,May,2026Q2
ORD-10464,2026-05-20,102,505,5,0.05,UPI,Delivered,11000,550.0,10450.0,5500,4950.0,47.37,2026-05,May,2026Q2
ORD-10465,2026-05-20,107,502,2,0.05,UPI,Delivered,6400,320.0,6080.0,3200,2880.0,47.37,2026-05,May,2026Q2
ORD-10466,2026-05-21,108,507,4,0.1,Debit Card,Cancelled,7200,720.0,6480.0,3400,3080.0,47.53,2026-05,May,2026Q2
ORD-10467,2026-05-21,107,503,5,0.1,UPI,Delivered,3250,325.0,2925.0,1600,1325.0,45.3,2026-05,May,2026Q2
ORD-10468,2026-05-21,105,505,5,0.1,Credit Card,Delivered,11000,1100.0,9900.0,5500,4400.0,44.44,2026-05,May,2026Q2
ORD-10469,2026-05-21,101,507,2,0.15,Credit Card,Delivered,3600,540.0,3060.0,1700,1360.0,44.44,2026-05,May,2026Q2
ORD-10470,2026-05-22,102,506,2,0.15,UPI,Delivered,11600,1740.0,9860.0,7200,2660.0,26.98,2026-05,May,2026Q2
ORD-10471,2026-05-22,104,505,3,0.05,UPI,Delivered,6600,330.0,6270.0,3300,2970.0,47.37,2026-05,May,2026Q2
ORD-10472,2026-05-22,102,502,2,0.0,Debit Card,Delivered,6400,0.0,6400.0,3200,3200.0,50.0,2026-05,May,2026Q2
ORD-10473,2026-05-23,101,502,5,0.5,UPI,Delivered,16000,8000.0,8000.0,8000,0.0,0.0,2026-05,May,2026Q2
ORD-10474,2026-05-23,107,508,2,0.05,UPI,Delivered,7000,350.0,6650.0,3800,2850.0,42.86,2026-05,May,2026Q2
ORD-10475,2026-05-23,109,501,3,0.1,Net Banking,Delivered,13500,1350.0,12150.0,7200,4950.0,40.74,2026-05,May,2026Q2
ORD-10476,2026-05-24,102,507,3,0.0,UPI,Cancelled,5400,0.0,5400.0,2550,2850.0,52.78,2026-05,May,2026Q2
ORD-10477,2026-05-24,103,505,1,0.05,Credit Card,Cancelled,2200,110.0,2090.0,1100,990.0,47.37,2026-05,May,2026Q2
ORD-10478,2026-05-24,109,508,2,0.0,Debit Card,Delivered,7000,0.0,7000.0,3800,3200.0,45.71,2026-05,May,2026Q2
ORD-10479,2026-05-24,101,508,4,0.15,Debit Card,Delivered,14000,2100.0,11900.0,7600,4300.0,36.13,2026-05,May,2026Q2
ORD-10480,2026-05-25,105,504,3,0.0,UPI,Delivered,2550,0.0,2550.0,1440,1110.0,43.53,2026-05,May,2026Q2
ORD-10481,2026-05-25,107,504,1,0.15,UPI,Delivered,850,127.5,722.5,480,242.5,33.56,2026-05,May,2026Q2
ORD-10482,2026-05-25,109,504,1,0.0,Debit Card,Delivered,850,0.0,850.0,480,370.0,43.53,2026-05,May,2026Q2
ORD-10483,2026-05-26,109,501,3,0.05,UPI,Delivered,13500,675.0,12825.0,7200,5625.0,43.86,2026-05,May,2026Q2
ORD-10484,2026-05-26,102,501,4,0.15,Cash on Delivery,Delivered,18000,2700.0,15300.0,9600,5700.0,37.25,2026-05,May,2026Q2
ORD-10485,2026-05-26,108,506,1,0.15,UPI,Delivered,5800,870.0,4930.0,3600,1330.0,26.98,2026-05,May,2026Q2
ORD-10486,2026-05-27,101,506,2,0.1,Debit Card,Delivered,11600,1160.0,10440.0,7200,3240.0,31.03,2026-05,May,2026Q2
ORD-10488,2026-05-27,109,503,1,0.15,UPI,Delivered,650,97.5,552.5,320,232.5,42.08,2026-05,May,2026Q2
ORD-10489,2026-05-27,104,502,4,0.0,UPI,Delivered,12800,0.0,12800.0,6400,6400.0,50.0,2026-05,May,2026Q2
ORD-10490,2026-05-28,101,508,4,0.1,Credit Card,Delivered,14000,1400.0,12600.0,7600,5000.0,39.68,2026-05,May,2026Q2
ORD-10491,2026-05-28,109,502,5,0.15,UPI,Delivered,16000,2400.0,13600.0,8000,5600.0,41.18,2026-05,May,2026Q2
ORD-10492,2026-05-28,107,502,4,0.15,UPI,Delivered,12800,1920.0,10880.0,6400,4480.0,41.18,2026-05,May,2026Q2
ORD-10493,2026-05-29,104,505,4,0.0,Credit Card,Delivered,8800,0.0,8800.0,4400,4400.0,50.0,2026-05,May,2026Q2
ORD-10494,2026-05-29,107,501,5,0.15,Net Banking,Delivered,22500,3375.0,19125.0,12000,7125.0,37.25,2026-05,May,2026Q2
ORD-10495,2026-05-29,102,502,4,0.15,Credit Card,Delivered,12800,1920.0,10880.0,6400,4480.0,41.18,2026-05,May,2026Q2
ORD-10496,2026-05-30,110,508,1,0.15,Cash on Delivery,Delivered,3500,525.0,2975.0,1900,1075.0,36.13,2026-05,May,2026Q2
ORD-10497,2026-05-30,106,501,1,0.15,Credit Card,Delivered,4500,675.0,3825.0,2400,1425.0,37.25,2026-05,May,2026Q2
ORD-10498,2026-05-30,109,502,3,0.1,Cash on Delivery,Delivered,9600,960.0,8640.0,4800,3840.0,44.44,2026-05,May,2026Q2
ORD-10499,2026-05-30,104,507,4,0.0,UPI,Delivered,7200,0.0,7200.0,3400,3800.0,52.78,2026-05,May,2026Q2
ORD-10500,2026-05-31,108,506,4,0.1,Debit Card,Delivered,23200,2320.0,20880.0,14400,6480.0,31.03,2026-05,May,2026Q2
ORD-10501,2026-05-31,101,502,5,0.0,UPI,Delivered,16000,0.0,16000.0,8000,8000.0,50.0,2026-05,May,2026Q2
ORD-10502,2026-05-31,102,506,3,0.15,Credit Card,Delivered,17400,2610.0,14790.0,10800,3990.0,26.98,2026-05,May,2026Q2
ORD-10503,2026-06-01,105,506,2,0.05,UPI,Delivered,11600,580.0,11020.0,7200,3820.0,34.66,2026-06,June,2026Q2
ORD-10504,2026-06-01,106,505,4,0.15,Debit Card,Returned,8800,1320.0,7480.0,4400,3080.0,41.18,2026-06,June,2026Q2
ORD-10505,2026-06-01,102,503,4,0.0,UPI,Cancelled,2600,0.0,2600.0,1280,1320.0,50.77,2026-06,June,2026Q2
ORD-10506,2026-06-02,108,508,3,0.0,UPI,Delivered,10500,0.0,10500.0,5700,4800.0,45.71,2026-06,June,2026Q2
ORD-10507,2026-06-02,102,503,2,0.15,Debit Card,Delivered,1300,195.0,1105.0,640,465.0,42.08,2026-06,June,2026Q2
ORD-10508,2026-06-02,102,501,3,0.15,Cash on Delivery,Delivered,13500,2025.0,11475.0,7200,4275.0,37.25,2026-06,June,2026Q2
ORD-10509,2026-06-02,110,508,4,0.0,Credit Card,Delivered,14000,0.0,14000.0,7600,6400.0,45.71,2026-06,June,2026Q2
ORD-10510,2026-06-03,104,508,2,0.05,Credit Card,Delivered,7000,350.0,6650.0,3800,2850.0,42.86,2026-06,June,2026Q2
ORD-10511,2026-06-03,104,505,4,0.05,Debit Card,Delivered,8800,440.0,8360.0,4400,3960.0,47.37,2026-06,June,2026Q2
ORD-10512,2026-06-03,110,504,2,0.15,UPI,Delivered,1700,255.0,1445.0,960,485.0,33.56,2026-06,June,2026Q2
ORD-10513,2026-06-04,109,505,3,0.0,UPI,Delivered,6600,0.0,6600.0,3300,3300.0,50.0,2026-06,June,2026Q2
ORD-10514,2026-06-04,108,507,3,0.0,UPI,Delivered,5400,0.0,5400.0,2550,2850.0,52.78,2026-06,June,2026Q2
ORD-10515,2026-06-04,101,503,4,0.05,Net Banking,Cancelled,2600,130.0,2470.0,1280,1190.0,48.18,2026-06,June,2026Q2
ORD-10516,2026-06-05,110,506,1,0.15,UPI,Delivered,5800,870.0,4930.0,3600,1330.0,26.98,2026-06,June,2026Q2
ORD-10517,2026-06-05,102,504,1,0.05,Net Banking,Returned,850,42.5,807.5,480,327.5,40.56,2026-06,June,2026Q2
ORD-10518,2026-06-05,107,502,3,0.0,UPI,Cancelled,9600,0.0,9600.0,4800,4800.0,50.0,2026-06,June,2026Q2
ORD-10519,2026-06-05,106,502,5,0.15,Credit Card,Delivered,16000,2400.0,13600.0,8000,5600.0,41.18,2026-06,June,2026Q2
ORD-10520,2026-06-06,103,505,3,0.1,UPI,Delivered,6600,660.0,5940.0,3300,2640.0,44.44,2026-06,June,2026Q2
ORD-10521,2026-06-06,107,507,2,0.0,Debit Card,Delivered,3600,0.0,3600.0,1700,1900.0,52.78,2026-06,June,2026Q2
ORD-10522,2026-06-06,104,507,2,0.0,UPI,Delivered,3600,0.0,3600.0,1700,1900.0,52.78,2026-06,June,2026Q2
ORD-10523,2026-06-07,107,506,4,0.1,UPI,Cancelled,23200,2320.0,20880.0,14400,6480.0,31.03,2026-06,June,2026Q2
ORD-10524,2026-06-07,105,501,3,0.1,Debit Card,Delivered,13500,1350.0,12150.0,7200,4950.0,40.74,2026-06,June,2026Q2
ORD-10525,2026-06-07,102,505,2,0.05,Net Banking,Delivered,4400,220.0,4180.0,2200,1980.0,47.37,2026-06,June,2026Q2
ORD-10526,2026-06-08,108,504,5,0.5,UPI,Delivered,4250,2125.0,2125.0,2400,-275.0,-12.94,2026-06,June,2026Q2
ORD-10527,2026-06-08,109,505,1,0.05,UPI,Returned,2200,110.0,2090.0,1100,990.0,47.37,2026-06,June,2026Q2
ORD-10528,2026-06-08,107,507,5,0.1,Net Banking,Delivered,9000,900.0,8100.0,4250,3850.0,47.53,2026-06,June,2026Q2
ORD-10529,2026-06-08,104,504,4,0.1,Credit Card,Delivered,3400,340.0,3060.0,1920,1140.0,37.25,2026-06,June,2026Q2
ORD-10530,2026-06-09,107,502,2,0.0,Debit Card,Delivered,6400,0.0,6400.0,3200,3200.0,50.0,2026-06,June,2026Q2
ORD-10531,2026-06-09,109,506,3,0.15,Cash on Delivery,Delivered,17400,2610.0,14790.0,10800,3990.0,26.98,2026-06,June,2026Q2
ORD-10532,2026-06-09,105,506,5,0.15,UPI,Delivered,29000,4350.0,24650.0,18000,6650.0,26.98,2026-06,June,2026Q2
ORD-10533,2026-06-10,110,508,3,0.05,Credit Card,Cancelled,10500,525.0,9975.0,5700,4275.0,42.86,2026-06,June,2026Q2
ORD-10534,2026-06-10,110,506,1,0.15,UPI,Delivered,5800,870.0,4930.0,3600,1330.0,26.98,2026-06,June,2026Q2
ORD-10535,2026-06-10,105,505,1,0.0,UPI,Returned,2200,0.0,2200.0,1100,1100.0,50.0,2026-06,June,2026Q2
ORD-10536,2026-06-11,108,502,3,0.1,Credit Card,Delivered,9600,960.0,8640.0,4800,3840.0,44.44,2026-06,June,2026Q2
ORD-10537,2026-06-11,109,501,2,0.0,UPI,Delivered,9000,0.0,9000.0,4800,4200.0,46.67,2026-06,June,2026Q2
ORD-10538,2026-06-11,104,504,5,0.1,Debit Card,Delivered,4250,425.0,3825.0,2400,1425.0,37.25,2026-06,June,2026Q2
ORD-10539,2026-06-11,107,508,1,0.05,UPI,Delivered,3500,175.0,3325.0,1900,1425.0,42.86,2026-06,June,2026Q2
ORD-10541,2026-06-12,110,501,2,0.15,Credit Card,Delivered,9000,1350.0,7650.0,4800,2850.0,37.25,2026-06,June,2026Q2
ORD-10542,2026-06-12,106,501,1,0.1,UPI,Delivered,4500,450.0,4050.0,2400,1650.0,40.74,2026-06,June,2026Q2
ORD-10543,2026-06-13,106,508,5,0.05,Credit Card,Delivered,17500,875.0,16625.0,9500,7125.0,42.86,2026-06,June,2026Q2
ORD-10544,2026-06-13,110,501,4,0.15,UPI,Delivered,18000,2700.0,15300.0,9600,5700.0,37.25,2026-06,June,2026Q2
ORD-10545,2026-06-13,103,501,5,0.05,Credit Card,Delivered,22500,1125.0,21375.0,12000,9375.0,43.86,2026-06,June,2026Q2
ORD-10547,2026-06-14,101,504,5,0.1,UPI,Cancelled,4250,425.0,3825.0,2400,1425.0,37.25,2026-06,June,2026Q2
ORD-10548,2026-06-14,105,501,4,0.05,UPI,Delivered,18000,900.0,17100.0,9600,7500.0,43.86,2026-06,June,2026Q2
ORD-10549,2026-06-14,102,508,1,0.0,UPI,Delivered,3500,0.0,3500.0,1900,1600.0,45.71,2026-06,June,2026Q2
ORD-10550,2026-06-15,107,504,1,0.05,Debit Card,Delivered,850,42.5,807.5,480,327.5,40.56,2026-06,June,2026Q2
ORD-10551,2026-06-15,107,503,5,0.0,UPI,Cancelled,3250,0.0,3250.0,1600,1650.0,50.77,2026-06,June,2026Q2
ORD-10552,2026-06-15,109,501,2,0.05,UPI,Returned,9000,450.0,8550.0,4800,3750.0,43.86,2026-06,June,2026Q2
ORD-10553,2026-06-16,105,504,1,0.05,Credit Card,Delivered,850,42.5,807.5,480,327.5,40.56,2026-06,June,2026Q2
ORD-10554,2026-06-16,101,504,3,0.05,Credit Card,Delivered,2550,127.5,2422.5,1440,982.5,40.56,2026-06,June,2026Q2
ORD-10555,2026-06-16,108,502,2,0.1,UPI,Cancelled,6400,640.0,5760.0,3200,2560.0,44.44,2026-06,June,2026Q2
ORD-10556,2026-06-17,104,503,1,0.15,Credit Card,Delivered,650,97.5,552.5,320,232.5,42.08,2026-06,June,2026Q2
ORD-10558,2026-06-17,110,501,1,0.05,UPI,Delivered,4500,225.0,4275.0,2400,1875.0,43.86,2026-06,June,2026Q2
ORD-10559,2026-06-17,102,505,4,0.05,UPI,Delivered,8800,440.0,8360.0,4400,3960.0,47.37,2026-06,June,2026Q2
ORD-10560,2026-06-18,106,503,5,0.05,Credit Card,Delivered,3250,162.5,3087.5,1600,1487.5,48.18,2026-06,June,2026Q2
ORD-10561,2026-06-18,101,501,5,0.0,Credit Card,Cancelled,22500,0.0,22500.0,12000,10500.0,46.67,2026-06,June,2026Q2
ORD-10562,2026-06-18,110,504,1,0.05,Debit Card,Delivered,850,42.5,807.5,480,327.5,40.56,2026-06,June,2026Q2
ORD-10564,2026-06-19,105,507,1,0.1,Debit Card,Delivered,1800,180.0,1620.0,850,770.0,47.53,2026-06,June,2026Q2
ORD-10565,2026-06-19,110,503,4,0.0,Credit Card,Delivered,2600,0.0,2600.0,1280,1320.0,50.77,2026-06,June,2026Q2
ORD-10566,2026-06-20,108,507,1,0.1,Debit Card,Delivered,1800,180.0,1620.0,850,770.0,47.53,2026-06,June,2026Q2
ORD-10567,2026-06-20,101,501,5,0.05,UPI,Delivered,22500,1125.0,21375.0,12000,9375.0,43.86,2026-06,June,2026Q2
ORD-10568,2026-06-20,103,506,2,0.15,UPI,Cancelled,11600,1740.0,9860.0,7200,2660.0,26.98,2026-06,June,2026Q2
ORD-10569,2026-06-20,110,502,3,0.1,Credit Card,Delivered,9600,960.0,8640.0,4800,3840.0,44.44,2026-06,June,2026Q2
ORD-10570,2026-06-21,110,506,1,0.1,Credit Card,Delivered,5800,580.0,5220.0,3600,1620.0,31.03,2026-06,June,2026Q2
ORD-10571,2026-06-21,110,501,1,0.1,Credit Card,Delivered,4500,450.0,4050.0,2400,1650.0,40.74,2026-06,June,2026Q2
ORD-10572,2026-06-21,101,506,5,0.15,Debit Card,Delivered,29000,4350.0,24650.0,18000,6650.0,26.98,2026-06,June,2026Q2
ORD-10573,2026-06-22,110,503,3,0.05,Credit Card,Delivered,1950,97.5,1852.5,960,892.5,48.18,2026-06,June,2026Q2
ORD-10574,2026-06-22,105,507,4,0.1,UPI,Delivered,7200,720.0,6480.0,3400,3080.0,47.53,2026-06,June,2026Q2
ORD-10575,2026-06-22,109,505,4,0.1,UPI,Delivered,8800,880.0,7920.0,4400,3520.0,44.44,2026-06,June,2026Q2
ORD-10576,2026-06-23,104,504,1,0.05,UPI,Delivered,850,42.5,807.5,480,327.5,40.56,2026-06,June,2026Q2
ORD-10577,2026-06-23,106,506,5,0.0,Debit Card,Cancelled,29000,0.0,29000.0,18000,11000.0,37.93,2026-06,June,2026Q2
ORD-10578,2026-06-23,102,507,3,0.15,UPI,Delivered,5400,810.0,4590.0,2550,2040.0,44.44,2026-06,June,2026Q2
ORD-10579,2026-06-23,101,504,4,0.15,Credit Card,Delivered,3400,510.0,2890.0,1920,970.0,33.56,2026-06,June,2026Q2
ORD-10580,2026-06-24,110,504,1,0.05,Net Banking,Cancelled,850,42.5,807.5,480,327.5,40.56,2026-06,June,2026Q2
ORD-10581,2026-06-24,104,506,2,0.05,Net Banking,Delivered,11600,580.0,11020.0,7200,3820.0,34.66,2026-06,June,2026Q2
ORD-10582,2026-06-24,105,505,1,0.0,Credit Card,Delivered,2200,0.0,2200.0,1100,1100.0,50.0,2026-06,June,2026Q2
ORD-10583,2026-06-25,106,505,2,0.15,Net Banking,Delivered,4400,660.0,3740.0,2200,1540.0,41.18,2026-06,June,2026Q2
ORD-10584,2026-06-25,109,507,1,0.0,UPI,Delivered,1800,0.0,1800.0,850,950.0,52.78,2026-06,June,2026Q2
ORD-10585,2026-06-25,104,507,5,0.15,Net Banking,Delivered,9000,1350.0,7650.0,4250,3400.0,44.44,2026-06,June,2026Q2
ORD-10586,2026-06-26,102,506,1,0.05,UPI,Delivered,5800,290.0,5510.0,3600,1910.0,34.66,2026-06,June,2026Q2
ORD-10587,2026-06-26,110,502,4,0.05,Credit Card,Delivered,12800,640.0,12160.0,6400,5760.0,47.37,2026-06,June,2026Q2
ORD-10588,2026-06-26,107,507,3,0.05,Cash on Delivery,Delivered,5400,270.0,5130.0,2550,2580.0,50.29,2026-06,June,2026Q2
ORD-10589,2026-06-26,109,507,1,0.1,Credit Card,Delivered,1800,180.0,1620.0,850,770.0,47.53,2026-06,June,2026Q2
ORD-10590,2026-06-27,110,501,5,0.1,Credit Card,Delivered,22500,2250.0,20250.0,12000,8250.0,40.74,2026-06,June,2026Q2
ORD-10591,2026-06-27,101,505,5,0.15,Cash on Delivery,Delivered,11000,1650.0,9350.0,5500,3850.0,41.18,2026-06,June,2026Q2
ORD-10592,2026-06-27,105,502,1,0.05,Credit Card,Delivered,3200,160.0,3040.0,1600,1440.0,47.37,2026-06,June,2026Q2
ORD-10593,2026-06-28,101,506,1,0.1,Credit Card,Delivered,5800,580.0,5220.0,3600,1620.0,31.03,2026-06,June,2026Q2
ORD-10594,2026-06-28,105,503,2,0.0,Debit Card,Delivered,1300,0.0,1300.0,640,660.0,50.77,2026-06,June,2026Q2
ORD-10595,2026-06-28,108,501,5,0.15,UPI,Delivered,22500,3375.0,19125.0,12000,7125.0,37.25,2026-06,June,2026Q2
ORD-10596,2026-06-29,106,501,5,0.05,UPI,Delivered,22500,1125.0,21375.0,12000,9375.0,43.86,2026-06,June,2026Q2
ORD-10597,2026-06-29,105,506,1,0.1,UPI,Delivered,5800,580.0,5220.0,3600,1620.0,31.03,2026-06,June,2026Q2
ORD-10598,2026-06-29,108,506,4,0.15,Cash on Delivery,Delivered,23200,3480.0,19720.0,14400,5320.0,26.98,2026-06,June,2026Q2
ORD-10599,2026-06-30,109,501,5,0.0,Debit Card,Delivered,22500,0.0,22500.0,12000,10500.0,46.67,2026-06,June,2026Q2
